{
	"version": 1,
	"changelists": [
		{
			"guid": "00000000000000000000000000000000",
			"description": "Default Uncontrolled Changelist",
			"files": [
				"C:/Users/Kiritsugu/Documents/Unreal Projects/AI_Move/Content/Auto_Moving/BP_AutoMovingCharacter.uasset",
				"C:/Users/Kiritsugu/Documents/Unreal Projects/AI_Move/Content/__ExternalActors__/ThirdPerson/Lvl_ThirdPerson/2/SW/G8JJLEZ5O9ENF18RNDSHRN.uasset",
				"C:/Users/Kiritsugu/Documents/Unreal Projects/AI_Move/Content/__ExternalActors__/ThirdPerson/Lvl_ThirdPerson/0/2Y/9BE1V1TNJNQO303YGCCJS3.uasset",
				"C:/Users/Kiritsugu/Documents/Unreal Projects/AI_Move/Content/__ExternalActors__/ThirdPerson/Lvl_ThirdPerson/B/GX/5H9TFJRGXI5XMUBJWT9ATF.uasset",
				"C:/Users/Kiritsugu/Documents/Unreal Projects/AI_Move/Content/ThirdPerson/Lvl_ThirdPerson.umap",
				"C:/Users/Kiritsugu/Documents/Unreal Projects/AI_Move/Content/Auto_Moving/BP_TryingCharacter.uasset"
			]
		}
	]
}